Workbook

Sheet Information
B1: Shanghai Jiao Tong University 上海交通大学 上海市闵行区东川路800号
B2: 项目名称 Project Name | E2: 密级 Confidentiality Level
B3: PaperMate 智能论文阅读系统 | E3: 仅供收件方查阅
B4: 项目编号 Project ID | D4: 版本 version | E4: 文档编号 Document Code
B5: SE26Project-04 | D5: 1.0 | E5: SE26Project-04_STC_001
B6: PaperMate System Test Case Form PaperMate系统测试用例
B7: Prepared by 拟制 | C7: 张益宁 | E7: Date 日期 | F7: 2026-07-27
B8: Reviewed by 评审人 | C8: 全组 | E8: Date 日期 | F8: 2026-07-27
B9: Approved by 批准 | E9: Date 日期 | F9: 2026-07-27
B10: Revision Record 修订记录
B11: Date 日期 | D11: Revision Version修订版本 | E11: Change Description 修改描述 | F11: Author 作者
B12: 2026-07-27 | D12: 1.00 | E12: 基于模板编写 PaperMate 系统测试用例（功能基本流/备选流、易用性、兼容性为主；性能等可选） | F12: 张益宁
B18: 测试结果分析
B19: 类别 | D19: 用例数 | E19: 通过数 | F19: 通过率
B20: 功能测试 | D20: =COUNTIF('Test Cases'!C:C,B20) | E20: =SUMPRODUCT(('Test Cases'!C:C=B20)*('Test Cases'!J:J="Y")) | F20: =IF(D20,E20/D20,0)
B21: 性能测试 | D21: =COUNTIF('Test Cases'!C:C,B21) | E21: =SUMPRODUCT(('Test Cases'!C:C=B21)*('Test Cases'!J:J="Y")) | F21: =IF(D21,E21/D21,0)
B22: 可靠性测试 | D22: =COUNTIF('Test Cases'!C:C,B22) | E22: =SUMPRODUCT(('Test Cases'!C:C=B22)*('Test Cases'!J:J="Y")) | F22: =IF(D22,E22/D22,0)
B23: 安全性测试 | D23: =COUNTIF('Test Cases'!C:C,B23) | E23: =SUMPRODUCT(('Test Cases'!C:C=B23)*('Test Cases'!J:J="Y")) | F23: =IF(D23,E23/D23,0)
B24: 兼容性测试 | D24: =COUNTIF('Test Cases'!C:C,B24) | E24: =SUMPRODUCT(('Test Cases'!C:C=B24)*('Test Cases'!J:J="Y")) | F24: =IF(D24,E24/D24,0)
B25: 易用性测试 | D25: =COUNTIF('Test Cases'!C:C,B25) | E25: =SUMPRODUCT(('Test Cases'!C:C=B25)*('Test Cases'!J:J="Y")) | F25: =IF(D25,E25/D25,0)
B26: 安装测试 | D26: =COUNTIF('Test Cases'!C:C,B26) | E26: =SUMPRODUCT(('Test Cases'!C:C=B26)*('Test Cases'!J:J="Y")) | F26: =IF(D26,E26/D26,0)
B27: 合计 | D27: =SUM(D20:D26) | E27: =COUNTIF('Test Cases'!J:J,"Y") | F27: =IF(D27,E27/D27,0)
B29: 测试用例详情

Sheet Test Cases
A1: 测试用例
A4: Test Case ID 测试用例编号 | B4: Test Item 测试项 | C4: Test Type 测试类型 | D4: Test Case Title 测试用例标题 | E4: Test Criticality 测试优先级 | F4: Pre-condition 预置条件 | G4: Input & Procedure 输入及操作步骤 | H4: Expected Output 预期结果 | I4: Result 实际结果 | J4: Status 是否通过 | K4: BUG Severity 缺陷严重等级 | L4: Remark 备注
A5: TC-001 | B5: 用户注册 | C5: 功能测试 | D5: 【基本流】新用户注册成功并进入引导/工作区 | E5: 高 | F5: 系统已部署；浏览器打开登录页；该邮箱未被注册 | G5: 1. 打开注册入口 2. 输入合法邮箱、密码（≥6位）及确认密码 3. 点击注册 | H5: 注册成功，完成登录态建立；可进入兴趣主题/阅读模式引导或工作区 | I5: 通过（API/UI 本轮） | J5: Y | L5: 基本流 | M5: evidence=TC-001_register_form.png,TC-001_after_register.png; run=20260728-114548
A6: TC-002 | B6: 用户注册 | C6: 功能测试 | D6: 【备选流】两次密码不一致时注册失败 | E6: 高 | F6: 打开注册页 | G6: 1. 输入邮箱 2. 密码与确认密码不一致 3. 点击注册 | H6: 提示密码不一致或校验失败，不创建账号，停留在注册页 | I6: 通过（API/UI 本轮） | J6: Y | L6: 备选流 | M6: evidence=TC-002_mismatch.png; run=20260728-114548
A7: TC-003 | B7: 用户注册 | C7: 功能测试 | D7: 【备选流】邮箱格式非法或密码过短 | E7: 中 | F7: 打开注册页 | G7: 1. 分别用非法邮箱（如 a@b）、过短密码（<6）尝试注册 | H7: 表单校验拦截；显示明确错误提示；不创建账号 | I7: 通过（API/UI 本轮） | J7: Y | L7: 备选流 | M7: evidence=api/junit.xml; run=20260728-114548
A8: TC-004 | B8: 用户登录 | C8: 功能测试 | D8: 【基本流】已注册用户密码登录成功 | E8: 高 | F8: 已存在有效账号；打开登录页 | G8: 1. 输入正确邮箱与密码 2. 点击登录 | H8: 登录成功并跳转工作区；侧栏显示用户/画像信息 | I8: 通过（API/UI 本轮） | J8: Y | L8: 基本流 | M8: evidence=TC-004_workspace.png; run=20260728-114548
A9: TC-005 | B9: 用户登录 | C9: 功能测试 | D9: 【备选流】错误密码登录失败 | E9: 高 | F9: 已存在有效账号 | G9: 1. 输入正确邮箱与错误密码 2. 点击登录 | H9: 提示登录失败；不进入工作区；会话未建立 | I9: 通过（API/UI 本轮） | J9: Y | L9: 备选流 | M9: evidence=TC-005_wrong_password.png; run=20260728-114548
A10: TC-006 | B10: 用户登录 | C10: 功能测试 | D10: 【备选流】未登录访问受保护路由被重定向 | E10: 高 | F10: 清除本地登录态（token） | G10: 1. 直接访问 /workspace 或 /paper/{id} 2. 观察跳转 | H10: 跳转到 /login；登录成功后可回到原目标或工作区 | I10: 通过（API/UI 本轮） | J10: Y | L10: 备选流 | M10: evidence=TC-006_redirect.png; run=20260728-114548
A11: TC-007 | B11: 退出登录 | C11: 功能测试 | D11: 【基本流】退出后会话失效 | E11: 高 | F11: 已登录 | G11: 1. 点击侧栏退出 2. 再次访问 /workspace | H11: 回到登录页；需重新登录才能访问业务页 | I11: 通过（API/UI 本轮） | J11: Y | L11: 基本流 | M11: evidence=TC-007_logout.png; run=20260728-114548
A12: TC-008 | B12: 工作区推荐 | C12: 功能测试 | D12: 【基本流】进入工作区加载每日精选/画像推荐/订阅更新 | E12: 高 | F12: 已登录；库中有论文；用户已设置兴趣主题（可选） | G12: 1. 进入工作区（未发起检索） 2. 等待推荐区加载完成 3. 分别点击各分区刷新（若有） | H12: 三个推荐分区有内容或合理空态；卡片可点击进入论文详情；推荐理由标签可见 | I12: 通过（API/UI 本轮） | J12: Y | L12: 基本流 | M12: evidence=TC-008_workspace.png; run=20260728-114548
A13: TC-009 | B13: 工作区推荐 | C13: 功能测试 | D13: 【备选流】推荐接口失败时有错误提示与重试 | E13: 中 | F13: 已登录；可模拟后端不可用或断网 | G13: 1. 进入工作区 2. 观察推荐加载失败表现 3. 点击重试 | H13: 显示加载失败提示；重试可恢复或仍给出明确失败信息，不白屏 | I13: 通过（API/UI 本轮） | J13: Y | L13: 备选流 | M13: evidence=TC-009_reco_fail.png; run=20260728-114548
A14: TC-010 | B14: 智能检索 | C14: 功能测试 | D14: 【基本流】自然语言检索返回论文列表与说明 | E14: 高 | F14: 已登录；库中有可匹配论文 | G14: 1. 在检索框输入如“Transformer 注意力机制相关论文” 2. 发送检索 3. 浏览结果卡片并打开一篇 | H14: 返回匹配论文列表；有检索改写/说明；可打开详情页 | I14: 通过（API/UI 本轮） | J14: Y | L14: 基本流 | M14: evidence=TC-010_search.png; run=20260728-114548
A15: TC-011 | B15: 智能检索 | C15: 功能测试 | D15: 【备选流】无匹配结果 | E15: 中 | F15: 已登录 | G15: 1. 输入极不可能命中的检索词（如随机长串） 2. 发送 | H15: 显示“未找到匹配”类空态；系统不崩溃 | I15: 通过（API/UI 本轮） | J15: Y | L15: 备选流 | M15: evidence=TC-011_nohit.png; run=20260728-114548
A16: TC-012 | B16: 智能检索 | C16: 功能测试 | D16: 【备选流】空查询不发起无效请求 | E16: 中 | F16: 已登录，位于工作区检索框 | G16: 1. 不输入内容直接发送或仅空格 | H16: 给出提示或不发送；不产生错误页 | I16: 通过（API/UI 本轮） | J16: Y | L16: 备选流 | M16: evidence=TC-012_empty.png; run=20260728-114548
... A73: TC-069 | B73: 部署安装 | C73: 安装测试 | D73: 【可选】使用 deploy-on-host 完成部署可访问 | E73: 中 | F73: Ubuntu 主机与安装包就绪 | G73: 1. 上传 papermate-*.tar.gz 与 deploy-on-host.sh 2. 执行部署脚本 3. 访问站点 /api/health | H73: 健康检查 200；首页可打开 | I73: 通过（API/UI 本轮） | J73: Y | L73: 可选 | M73: evidence=TC-069_health.png; run=20260728-114548

Sheet 常用测试方法
A1: 测试类型 | B1: 常用测试方法
A2: 功能测试 | B2: 采用场景法测试所有用例的所有事件流； 采用等价类划分、边界值分析、判定表法、错误猜测法等进行输入输出的测试。
A3: 性能测试 | B3: 测试在规定条件(如并发数、数据量)下，软件执行其功能时，提供适当的响应和处理时间以及吞吐率的能力，以及CPU、内存、网络等资源的使用情况。通常采用性能测试工具来模拟多个并发用户进行测试。
A4: 可靠性测试 | B4: 关注故障的避免、预防、容错和恢复：通过自然方式和故障注入方式来触发和激活系统中的故障来测试。 常用指标：可用性Availability、平均故障间隔时间MTBF、平均故障修复时间MTTR。
A5: 安全性测试 | B5: 权限控制测试：测试系统的认证、授权、鉴权和权限控制，确保用户在所授的权限内进行功能的操作和数据的存取。 漏洞检测：基于漏洞数据库，通过漏洞扫描工具采用静态和动态手段对系统的安全脆弱性进行检测，发现漏洞。 安全攻击：进行威胁建模，找出可以实施渗透攻击的攻击点，进行验证。
A6: 兼容性测试 | B6: 测试与其他软件或硬件的兼容。 例如系统前端与各种Web浏览器及各版本与各分辨率的兼容，系统后端与各种操作系统及数据库的兼容。
A7: 易用性测试 | B7: 易理解性测试：测试软件使用户能理解软件是否合适以及如何能将软件用于特定的任务和使用条件的能力。 易学性测试：测试软件使用户能学习其应用的能力。 易操作性测试：测试软件使用户能操作和控制它的能力。 吸引性测试：测试软件吸引用户的能力。
A8: 部署测试 | B8: 首次安装测试、升级安装测试、卸装测试
